192	1335	465	195	325	701	68	760	11	334	501	238	1013	667	589
image	one	cake	div	swimsuit	fashion	flashvars	more	com	chocolate	news	chocolate	chicken	recipe	"",""body"":""
cancer	more	until	font	sports	dress	apple	health	www	recipes	sports	butter	recipe	cup	indie
link	out	chocolate	twitter	illustrated	look	true	food	damascus	food	video	until	add	make	google
small	new	cream	inner	technology	one	break	body	online	best	information	cookies	cheese	sugar	com
name	time	cup	ditto	photo	out	swf	one	guide	recipe	"",""body"":""	cup	cup	dough	"{""title"":""
buzz	world	sugar	height	future	more	com	out	nbsp	more	new	peanut	until	out	images
campaign	people	butter	background	photos	style	params	sleep	flickr	color	com	cookie	sauce	one	""}"
images	year	add	margin	models,	new	var	time	cake	"",""body"":""	more	sugar	minutes	chocolate	png
jpg	sports	baking	width	models	ashion	isloggedin	people	best	recipes,	news,	recipe	oil	until	background
track	over	recipe	left	see	love	videopath	help	img	ood	world	baking	salt	butter	header
static	even	bowl	text	model	make	initheight	make	photos	cooking	health	minutes	make	minutes	www
age	best	minutes	padding	collection	top	initwidth	day	lickr	ice	videos	dough	pepper	bread	funny
more	game	vanilla	nav	si.com	wear	cider	foods	jpg	cream	posted	oven	heat	baking	rollover
health	first	make	span	"",""body"":""	here	escape	healthy	static	box	funny	pan	cook	more	clothing,
com	now	cupcakes	color	cnn	time	attributes	good	funny	martha	legal	make	garlic	add	nav
study	make	pan	size	swim	hair	getcookie	diet	comics	new	home	bowl	over	time	video
www	two	one	append	edition	don	membernickname	fat	href	world	technology	cups	one	use	clothing
form	years	flour	sub	edition,	now	ord	weight	src	one	use	add	recipes	flour	text
disease	news	cups	position	concept	see	surl	eat	people	top	updated	over	more	oven	height
types	team	out	top	comment	best	defaultdiv	brain	alt	green	website	caramel	out	over	width
user	know	over	display	via	com	false	many	height	make	"{""title"":""	out	cooking	recipes	blog
nsfw	way	mixture	timestamp	kate	want	dczone	don	title	shit	best	mixture	water	cream	html""}"
buzzfeed	here	mix	float	issue	black	apples	water	width	out	google	one	pasta	little	img
tracking	don	time	border	news	back	global	calories	youtube	form	here	bake	time	made	net
category	back	beat	featured	display	shoes	app	eating	channel	funny	blog	salt	use	bowl	position
null	well	oven	que	upton	people	static	even	shoe	left	company	teaspoon	onion	don	flickr
queries	during	teaspoon	upcoming	username	made	recipe	exercise	tie	chicken	out	stir	soup	water	title
uri	down	batter	center	out	even	vinegar	much	user	gaddafi	media	cool	large	milk	image
username	before	top	com	news,	two	document	use	video	text	web	vanilla	olive	ingredients	none
people	many	lemon	hover	gallery	day	pie	new	photo	"{""title"":""	tablet	chips	pan	pie	href
